[
  {
    "filename": "patch-1.png",
    "left": 144,
    "top": 126,
    "width": 95,
    "height": 106,
    "label": "BOOK 1",
    "desc": "Drawn by user"
  },
  {
    "filename": "patch-2.png",
    "left": 243,
    "top": 138,
    "width": 82,
    "height": 108,
    "label": "The Second Book",
    "desc": "Drawn by user testing"
  },
  {
    "filename": "patch-3.png",
    "left": 331,
    "top": 146,
    "width": 85,
    "height": 94,
    "label": "thurdbook",
    "desc": "thirdnbppl"
  },
  {
    "filename": "patch-4.png",
    "left": 411,
    "top": 150,
    "width": 99,
    "height": 77,
    "label": "Patch 85",
    "desc": "Drawn by user"
  },
  {
    "filename": "patch-5.png",
    "left": 505,
    "top": 127,
    "width": 107,
    "height": 95,
    "label": "Patch 86",
    "desc": "Drawn by user"
  },
  {
    "filename": "patch-6.png",
    "left": 615,
    "top": 113,
    "width": 105,
    "height": 94,
    "label": "Patch 87",
    "desc": "Drawn by user"
  },
  {
    "filename": "patch-7.png",
    "left": 728,
    "top": 101,
    "width": 110,
    "height": 85,
    "label": "Patch 88",
    "desc": "Drawn by user"
  },
  {
    "filename": "patch-8.png",
    "left": 850,
    "top": 89,
    "width": 120,
    "height": 94,
    "label": "Patch 33",
    "desc": "Drawn by user"
  },
  {
    "filename": "patch-9.png",
    "left": 139,
    "top": 220,
    "width": 108,
    "height": 106,
    "label": "Patch 92",
    "desc": "Drawn by user"
  },
  {
    "filename": "patch-10.png",
    "left": 834,
    "top": 184,
    "width": 37,
    "height": 37,
    "label": "Patch 89",
    "desc": "Drawn by user"
  },
  {
    "filename": "patch-11.png",
    "left": 878,
    "top": 185,
    "width": 43,
    "height": 39,
    "label": "Patch 90",
    "desc": "Drawn by user"
  },
  {
    "filename": "patch-12.png",
    "left": 926,
    "top": 187,
    "width": 30,
    "height": 32,
    "label": "Patch 91",
    "desc": "Drawn by user"
  },
  {
    "filename": "patch-13.png",
    "left": 267,
    "top": 265,
    "width": 54,
    "height": 57,
    "label": "Patch 45",
    "desc": "Drawn by user"
  },
  {
    "filename": "patch-14.png",
    "left": 455,
    "top": 260,
    "width": 67,
    "height": 60,
    "label": "Patch 42",
    "desc": "Drawn by user"
  },
  {
    "filename": "patch-15.png",
    "left": 526,
    "top": 255,
    "width": 66,
    "height": 57,
    "label": "Patch 41",
    "desc": "Drawn by user"
  },
  {
    "filename": "patch-16.png",
    "left": 590,
    "top": 241,
    "width": 78,
    "height": 64,
    "label": "Patch 40",
    "desc": "Drawn by user"
  },
  {
    "filename": "patch-17.png",
    "left": 668,
    "top": 234,
    "width": 67,
    "height": 58,
    "label": "Patch 39",
    "desc": "Drawn by user"
  },
  {
    "filename": "patch-18.png",
    "left": 740,
    "top": 218,
    "width": 63,
    "height": 50,
    "label": "Patch 38",
    "desc": "Drawn by user"
  },
  {
    "filename": "patch-19.png",
    "left": 141,
    "top": 327,
    "width": 118,
    "height": 93,
    "label": "Patch 93",
    "desc": "Drawn by user"
  },
  {
    "filename": "patch-20.png",
    "left": 269,
    "top": 325,
    "width": 66,
    "height": 56,
    "label": "Patch 46",
    "desc": "Drawn by user"
  },
  {
    "filename": "patch-21.png",
    "left": 329,
    "top": 270,
    "width": 60,
    "height": 58,
    "label": "Patch 44",
    "desc": "Drawn by user"
  },
  {
    "filename": "patch-22.png",
    "left": 392,
    "top": 272,
    "width": 70,
    "height": 56,
    "label": "Patch 43",
    "desc": "Drawn by user"
  },
  {
    "filename": "patch-23.png",
    "left": 740,
    "top": 277,
    "width": 60,
    "height": 50,
    "label": "Patch 37",
    "desc": "Drawn by user"
  },
  {
    "filename": "patch-24.png",
    "left": 278,
    "top": 385,
    "width": 65,
    "height": 48,
    "label": "Patch 47",
    "desc": "Drawn by user"
  },
  {
    "filename": "patch-25.png",
    "left": 381,
    "top": 342,
    "width": 78,
    "height": 84,
    "label": "Patch 81",
    "desc": "Drawn by user"
  },
  {
    "filename": "patch-26.png",
    "left": 573,
    "top": 349,
    "width": 74,
    "height": 74,
    "label": "Patch 69",
    "desc": "Drawn by user"
  },
  {
    "filename": "patch-27.png",
    "left": 651,
    "top": 317,
    "width": 71,
    "height": 45,
    "label": "Patch 68",
    "desc": "Drawn by user"
  },
  {
    "filename": "patch-28.png",
    "left": 730,
    "top": 327,
    "width": 73,
    "height": 62,
    "label": "Patch 36",
    "desc": "Drawn by user"
  },
  {
    "filename": "patch-29.png",
    "left": 824,
    "top": 229,
    "width": 120,
    "height": 104,
    "label": "Patch 32",
    "desc": "Drawn by user"
  },
  {
    "filename": "patch-30.png",
    "left": 156,
    "top": 425,
    "width": 112,
    "height": 96,
    "label": "Patch 94",
    "desc": "Drawn by user"
  },
  {
    "filename": "patch-31.png",
    "left": 651,
    "top": 366,
    "width": 69,
    "height": 60,
    "label": "Patch 67",
    "desc": "Drawn by user"
  },
  {
    "filename": "patch-32.png",
    "left": 289,
    "top": 438,
    "width": 68,
    "height": 52,
    "label": "Patch 48",
    "desc": "Drawn by user"
  },
  {
    "filename": "patch-33.png",
    "left": 736,
    "top": 396,
    "width": 64,
    "height": 56,
    "label": "Patch 35",
    "desc": "Drawn by user"
  },
  {
    "filename": "patch-34.png",
    "left": 822,
    "top": 337,
    "width": 111,
    "height": 99,
    "label": "Patch 31",
    "desc": "Drawn by user"
  },
  {
    "filename": "patch-35.png",
    "left": 151,
    "top": 527,
    "width": 126,
    "height": 115,
    "label": "Patch 95",
    "desc": "Drawn by user"
  },
  {
    "filename": "patch-36.png",
    "left": 289,
    "top": 495,
    "width": 66,
    "height": 61,
    "label": "Patch 49",
    "desc": "Drawn by user"
  },
  {
    "filename": "patch-37.png",
    "left": 368,
    "top": 434,
    "width": 109,
    "height": 109,
    "label": "Patch 78",
    "desc": "Drawn by user"
  },
  {
    "filename": "patch-38.png",
    "left": 461,
    "top": 336,
    "width": 107,
    "height": 100,
    "label": "Patch 80",
    "desc": "Drawn by user"
  },
  {
    "filename": "patch-39.png",
    "left": 487,
    "top": 452,
    "width": 81,
    "height": 69,
    "label": "Patch 79",
    "desc": "Drawn by user"
  },
  {
    "filename": "patch-40.png",
    "left": 569,
    "top": 433,
    "width": 86,
    "height": 79,
    "label": "Patch 70",
    "desc": "Drawn by user"
  },
  {
    "filename": "patch-41.png",
    "left": 659,
    "top": 438,
    "width": 61,
    "height": 71,
    "label": "Patch 66",
    "desc": "Drawn by user"
  },
  {
    "filename": "patch-42.png",
    "left": 732,
    "top": 459,
    "width": 71,
    "height": 61,
    "label": "Patch 34",
    "desc": "Drawn by user"
  },
  {
    "filename": "patch-43.png",
    "left": 299,
    "top": 562,
    "width": 67,
    "height": 61,
    "label": "Patch 50",
    "desc": "Drawn by user"
  },
  {
    "filename": "patch-44.png",
    "left": 387,
    "top": 541,
    "width": 177,
    "height": 165,
    "label": "Patch 77",
    "desc": "Drawn by user"
  },
  {
    "filename": "patch-45.png",
    "left": 551,
    "top": 519,
    "width": 113,
    "height": 96,
    "label": "Patch 71",
    "desc": "Drawn by user"
  },
  {
    "filename": "patch-46.png",
    "left": 668,
    "top": 523,
    "width": 45,
    "height": 54,
    "label": "Patch 65",
    "desc": "Drawn by user"
  },
  {
    "filename": "patch-47.png",
    "left": 738,
    "top": 533,
    "width": 72,
    "height": 51,
    "label": "Patch 26",
    "desc": "Drawn by user"
  },
  {
    "filename": "patch-48.png",
    "left": 829,
    "top": 447,
    "width": 111,
    "height": 94,
    "label": "Patch 30",
    "desc": "Drawn by user"
  },
  {
    "filename": "patch-49.png",
    "left": 673,
    "top": 585,
    "width": 46,
    "height": 38,
    "label": "Patch 64",
    "desc": "Drawn by user"
  },
  {
    "filename": "patch-50.png",
    "left": 750,
    "top": 592,
    "width": 69,
    "height": 55,
    "label": "Patch 25",
    "desc": "Drawn by user"
  },
  {
    "filename": "patch-51.png",
    "left": 156,
    "top": 648,
    "width": 114,
    "height": 114,
    "label": "Patch 96",
    "desc": "Drawn by user"
  },
  {
    "filename": "patch-52.png",
    "left": 297,
    "top": 631,
    "width": 66,
    "height": 59,
    "label": "Patch 51",
    "desc": "Drawn by user"
  },
  {
    "filename": "patch-53.png",
    "left": 681,
    "top": 630,
    "width": 46,
    "height": 44,
    "label": "Patch 63",
    "desc": "Drawn by user"
  },
  {
    "filename": "patch-54.png",
    "left": 834,
    "top": 549,
    "width": 129,
    "height": 100,
    "label": "Patch 27",
    "desc": "Drawn by user"
  },
  {
    "filename": "patch-55.png",
    "left": 286,
    "top": 697,
    "width": 72,
    "height": 73,
    "label": "Patch 52",
    "desc": "Drawn by user"
  },
  {
    "filename": "patch-56.png",
    "left": 563,
    "top": 628,
    "width": 116,
    "height": 97,
    "label": "Patch 72",
    "desc": "Drawn by user"
  },
  {
    "filename": "patch-57.png",
    "left": 686,
    "top": 680,
    "width": 48,
    "height": 46,
    "label": "Patch 62",
    "desc": "Drawn by user"
  },
  {
    "filename": "patch-58.png",
    "left": 761,
    "top": 656,
    "width": 72,
    "height": 55,
    "label": "Patch 24",
    "desc": "Drawn by user"
  },
  {
    "filename": "patch-59.png",
    "left": 139,
    "top": 749,
    "width": 121,
    "height": 119,
    "label": "Patch 97",
    "desc": "Drawn by user"
  },
  {
    "filename": "patch-60.png",
    "left": 282,
    "top": 775,
    "width": 68,
    "height": 72,
    "label": "Patch 53",
    "desc": "Drawn by user"
  },
  {
    "filename": "patch-61.png",
    "left": 379,
    "top": 729,
    "width": 92,
    "height": 79,
    "label": "Patch 76",
    "desc": "Drawn by user"
  },
  {
    "filename": "patch-62.png",
    "left": 475,
    "top": 712,
    "width": 101,
    "height": 86,
    "label": "Patch 73",
    "desc": "Drawn by user"
  },
  {
    "filename": "patch-63.png",
    "left": 764,
    "top": 720,
    "width": 73,
    "height": 60,
    "label": "Patch 23",
    "desc": "Drawn by user"
  },
  {
    "filename": "patch-64.png",
    "left": 854,
    "top": 653,
    "width": 125,
    "height": 96,
    "label": "Patch 28",
    "desc": "Drawn by user"
  },
  {
    "filename": "patch-65.png",
    "left": 384,
    "top": 818,
    "width": 93,
    "height": 84,
    "label": "Patch 75",
    "desc": "Drawn by user"
  },
  {
    "filename": "patch-66.png",
    "left": 576,
    "top": 731,
    "width": 106,
    "height": 99,
    "label": "Patch 59",
    "desc": "Drawn by user"
  },
  {
    "filename": "patch-67.png",
    "left": 689,
    "top": 730,
    "width": 47,
    "height": 43,
    "label": "Patch 61",
    "desc": "Drawn by user"
  },
  {
    "filename": "patch-68.png",
    "left": 480,
    "top": 808,
    "width": 94,
    "height": 84,
    "label": "Patch 74",
    "desc": "Drawn by user"
  },
  {
    "filename": "patch-69.png",
    "left": 699,
    "top": 787,
    "width": 43,
    "height": 46,
    "label": "Patch 60",
    "desc": "Drawn by user"
  },
  {
    "filename": "patch-70.png",
    "left": 767,
    "top": 785,
    "width": 72,
    "height": 59,
    "label": "Patch 22",
    "desc": "Drawn by user"
  },
  {
    "filename": "patch-71.png",
    "left": 126,
    "top": 871,
    "width": 125,
    "height": 123,
    "label": "Patch 98",
    "desc": "Drawn by user"
  },
  {
    "filename": "patch-72.png",
    "left": 281,
    "top": 859,
    "width": 68,
    "height": 67,
    "label": "Patch 54",
    "desc": "Drawn by user"
  },
  {
    "filename": "patch-73.png",
    "left": 774,
    "top": 859,
    "width": 66,
    "height": 64,
    "label": "Patch 21",
    "desc": "Drawn by user"
  },
  {
    "filename": "patch-74.png",
    "left": 861,
    "top": 757,
    "width": 120,
    "height": 113,
    "label": "Patch 29",
    "desc": "Drawn by user"
  },
  {
    "filename": "patch-75.png",
    "left": 275,
    "top": 933,
    "width": 71,
    "height": 73,
    "label": "Patch 55",
    "desc": "Drawn by user"
  },
  {
    "filename": "patch-76.png",
    "left": 383,
    "top": 908,
    "width": 94,
    "height": 86,
    "label": "Patch 56",
    "desc": "Drawn by user"
  },
  {
    "filename": "patch-77.png",
    "left": 484,
    "top": 899,
    "width": 101,
    "height": 91,
    "label": "Patch 57",
    "desc": "Drawn by user"
  },
  {
    "filename": "patch-78.png",
    "left": 580,
    "top": 841,
    "width": 183,
    "height": 156,
    "label": "Patch 58",
    "desc": "Drawn by user"
  },
  {
    "filename": "patch-79.png",
    "left": 83,
    "top": 1130,
    "width": 133,
    "height": 135,
    "label": "Patch 8",
    "desc": "Drawn by user"
  },
  {
    "filename": "patch-80.png",
    "left": 100,
    "top": 998,
    "width": 144,
    "height": 135,
    "label": "Patch 9",
    "desc": "Drawn by user"
  },
  {
    "filename": "patch-81.png",
    "left": 783,
    "top": 933,
    "width": 71,
    "height": 72,
    "label": "Patch 20",
    "desc": "Drawn by user"
  },
  {
    "filename": "patch-82.png",
    "left": 258,
    "top": 1013,
    "width": 73,
    "height": 84,
    "label": "Patch 10",
    "desc": "Drawn by user"
  },
  {
    "filename": "patch-83.png",
    "left": 335,
    "top": 1012,
    "width": 68,
    "height": 73,
    "label": "Patch 11",
    "desc": "Drawn by user"
  },
  {
    "filename": "patch-84.png",
    "left": 410,
    "top": 1005,
    "width": 67,
    "height": 67,
    "label": "Patch 12",
    "desc": "Drawn by user"
  },
  {
    "filename": "patch-85.png",
    "left": 487,
    "top": 999,
    "width": 62,
    "height": 75,
    "label": "Patch 13",
    "desc": "Drawn by user"
  },
  {
    "filename": "patch-86.png",
    "left": 559,
    "top": 1000,
    "width": 62,
    "height": 65,
    "label": "Patch 14",
    "desc": "Drawn by user"
  },
  {
    "filename": "patch-87.png",
    "left": 624,
    "top": 998,
    "width": 82,
    "height": 85,
    "label": "Patch 15",
    "desc": "Drawn by user"
  },
  {
    "filename": "patch-88.png",
    "left": 866,
    "top": 876,
    "width": 134,
    "height": 130,
    "label": "Patch 19",
    "desc": "Drawn by user"
  },
  {
    "filename": "patch-89.png",
    "left": 709,
    "top": 1010,
    "width": 67,
    "height": 75,
    "label": "Patch 16",
    "desc": "Drawn by user"
  },
  {
    "filename": "patch-90.png",
    "left": 220,
    "top": 1121,
    "width": 116,
    "height": 119,
    "label": "Patch 7",
    "desc": "Drawn by user"
  },
  {
    "filename": "patch-91.png",
    "left": 345,
    "top": 1108,
    "width": 128,
    "height": 123,
    "label": "Patch 6",
    "desc": "Drawn by user"
  },
  {
    "filename": "patch-92.png",
    "left": 482,
    "top": 1102,
    "width": 113,
    "height": 126,
    "label": "Patch 5",
    "desc": "Drawn by user"
  },
  {
    "filename": "patch-93.png",
    "left": 584,
    "top": 1092,
    "width": 120,
    "height": 141,
    "label": "Patch 4",
    "desc": "Drawn by user"
  },
  {
    "filename": "patch-94.png",
    "left": 707,
    "top": 1105,
    "width": 115,
    "height": 148,
    "label": "Patch 3",
    "desc": "Drawn by user"
  },
  {
    "filename": "patch-95.png",
    "left": 778,
    "top": 1011,
    "width": 105,
    "height": 112,
    "label": "Patch 17",
    "desc": "Drawn by user"
  },
  {
    "filename": "patch-96.png",
    "left": 822,
    "top": 1139,
    "width": 115,
    "height": 135,
    "label": "Patch 2",
    "desc": "Drawn by user"
  },
  {
    "filename": "patch-97.png",
    "left": 887,
    "top": 1013,
    "width": 140,
    "height": 130,
    "label": "Patch 18",
    "desc": "Drawn by user"
  },
  {
    "filename": "patch-98.png",
    "left": 935,
    "top": 1149,
    "width": 119,
    "height": 122,
    "label": "Patch 1",
    "desc": "Drawn by user"
  }
]