[
  {
    "filename": "patch-1.png",
    "left": 102,
    "top": 238,
    "width": 421,
    "height": 453,
    "label": "What a Time to be Alive by Jade Chang",
    "desc": "Tragedy turns this girly into an influencer. <a href=\"https://wearerooted.xyz/jade-chang-what-a-time-to-be-alive/\"> Full review here</a>"
  },
  {
    "filename": "patch-2.png",
    "left": 139,
    "top": 708,
    "width": 451,
    "height": 421,
    "label": "Misbehaving at the Crossroads: Essays & Writings by Honorée Fanonne Jeffers",
    "desc": "Fantastic essay collection"
  },
  {
    "filename": "patch-3.png",
    "left": 539,
    "top": 271,
    "width": 341,
    "height": 475,
    "label": "Better Ways to Read the Bible by Zach Lambert",
    "desc": "From book club! Super interesting even though I don't agree with everything he said. "
  },
  {
    "filename": "patch-4.png",
    "left": 898,
    "top": 313,
    "width": 340,
    "height": 475,
    "label": "Patch 19",
    "desc": "Drawn by user"
  },
  {
    "filename": "patch-5.png",
    "left": 1239,
    "top": 328,
    "width": 388,
    "height": 444,
    "label": "Lightbreakers by Aja Gabel",
    "desc": "Book about time travel which made me cry. <a href=\"https://midbrow.org/lightbreakers-book-review/\">Full review </a>"
  },
  {
    "filename": "patch-6.png",
    "left": 1610,
    "top": 308,
    "width": 446,
    "height": 432,
    "label": "I'm laughing because I'm crying by Youngmi Mayer",
    "desc": ""
  },
  {
    "filename": "patch-7.png",
    "left": 2082,
    "top": 251,
    "width": 391,
    "height": 421,
    "label": "Everything is Tuberculosis by John Green",
    "desc": "John Green is a great nonfiction writer. "
  },
  {
    "filename": "patch-8.png",
    "left": 2513,
    "top": 211,
    "width": 488,
    "height": 419,
    "label": "Bad Blood: Secrets and Lies in a Silicon Valley Startup by John Carreyrou",
    "desc": "Sped right through this book about Elizabeth Holmes"
  },
  {
    "filename": "patch-9.png",
    "left": 3020,
    "top": 207,
    "width": 448,
    "height": 387,
    "label": "Meet me at Blue Hour by Sarah Suk",
    "desc": "Gives “Eternal Sunshine of the Spotless Mind” vibes"
  },
  {
    "filename": "patch-10.png",
    "left": 2959,
    "top": 608,
    "width": 493,
    "height": 196,
    "label": "Louisiana Book Festival Books",
    "desc": "All the Water in the World, High Heaven and After Color were all included on my science fiction panel!"
  },
  {
    "filename": "patch-11.png",
    "left": 694,
    "top": 861,
    "width": 214,
    "height": 239,
    "label": "Restaurant Kid",
    "desc": ""
  },
  {
    "filename": "patch-12.png",
    "left": 923,
    "top": 885,
    "width": 243,
    "height": 249,
    "label": "The Original Daughter",
    "desc": ""
  },
  {
    "filename": "patch-13.png",
    "left": 1179,
    "top": 897,
    "width": 244,
    "height": 249,
    "label": "Everything I know about Love",
    "desc": ""
  },
  {
    "filename": "patch-14.png",
    "left": 1445,
    "top": 873,
    "width": 254,
    "height": 253,
    "label": "Misbehaving at the Crossroads",
    "desc": ""
  },
  {
    "filename": "patch-15.png",
    "left": 1712,
    "top": 861,
    "width": 261,
    "height": 248,
    "label": "Rouges",
    "desc": ""
  },
  {
    "filename": "patch-16.png",
    "left": 1983,
    "top": 814,
    "width": 275,
    "height": 259,
    "label": "Culture Creep",
    "desc": ""
  },
  {
    "filename": "patch-17.png",
    "left": 2272,
    "top": 790,
    "width": 283,
    "height": 234,
    "label": "The Yellow House",
    "desc": ""
  },
  {
    "filename": "patch-18.png",
    "left": 2576,
    "top": 737,
    "width": 249,
    "height": 228,
    "label": "Like Happiness",
    "desc": ""
  },
  {
    "filename": "patch-19.png",
    "left": 195,
    "top": 1166,
    "width": 442,
    "height": 403,
    "label": "We Could Be Rats: A Novel by Emily Austin",
    "desc": ""
  },
  {
    "filename": "patch-20.png",
    "left": 722,
    "top": 1128,
    "width": 219,
    "height": 244,
    "label": "Maggie; or a man and a woman walk into a bar",
    "desc": "Drawn by user"
  },
  {
    "filename": "patch-21.png",
    "left": 2587,
    "top": 983,
    "width": 241,
    "height": 225,
    "label": "Work Will Not Love You Back",
    "desc": ""
  },
  {
    "filename": "patch-22.png",
    "left": 1121,
    "top": 1225,
    "width": 347,
    "height": 341,
    "label": "Sunrise on the Reaping by Suzanne Collins",
    "desc": "By far the best prequel I've read this year. Makes all the other Hunger Games books feel more relevant"
  },
  {
    "filename": "patch-23.png",
    "left": 2941,
    "top": 826,
    "width": 453,
    "height": 408,
    "label": "Algospeak: How Social Media Is Transforming the Future of Language by Adam Aleksic",
    "desc": "From Tiktok to my bookshelf - this was fascinating. "
  },
  {
    "filename": "patch-24.png",
    "left": 259,
    "top": 1587,
    "width": 444,
    "height": 439,
    "label": "Ten Incarnations of Rebellion by Vaishnavi Patel",
    "desc": "The rebellion is female <a href=\"https://www.theadvocate.com/baton_rouge/entertainment_life/books/ten-incarnations-of-rebellion/article_f9b58eea-ee95-498d-aa22-c0d9a3bcf408.html\" > full review </a>"
  },
  {
    "filename": "patch-25.png",
    "left": 746,
    "top": 1401,
    "width": 237,
    "height": 203,
    "label": "You Didn't Hear this from me",
    "desc": ""
  },
  {
    "filename": "patch-26.png",
    "left": 778,
    "top": 1635,
    "width": 244,
    "height": 213,
    "label": "The Factory",
    "desc": ""
  },
  {
    "filename": "patch-27.png",
    "left": 1077,
    "top": 1589,
    "width": 463,
    "height": 458,
    "label": "The Real Americans by Rachel Khong",
    "desc": "So amazing to meet Rachel IRL at the New Orleans book festival! This book inspired me to get a jade bracelet!"
  },
  {
    "filename": "patch-28.png",
    "left": 1478,
    "top": 1221,
    "width": 402,
    "height": 424,
    "label": "Margo's Got Money Troubles by Rufi Thorpe",
    "desc": "Single mom turns to OnlyFans to solve her financial problems."
  },
  {
    "filename": "patch-29.png",
    "left": 1896,
    "top": 1269,
    "width": 310,
    "height": 314,
    "label": "My Friends by Fredrik Backman",
    "desc": "Fav author. Not his best book imho, but still a nice read. "
  },
  {
    "filename": "patch-30.png",
    "left": 2219,
    "top": 1149,
    "width": 277,
    "height": 185,
    "label": "Catching Fire and Mocking Jay",
    "desc": "reread!"
  },
  {
    "filename": "patch-31.png",
    "left": 2556,
    "top": 1217,
    "width": 276,
    "height": 246,
    "label": "Love Songs of W.E.B. Du Bois",
    "desc": ""
  },
  {
    "filename": "patch-32.png",
    "left": 2933,
    "top": 1246,
    "width": 428,
    "height": 413,
    "label": "Patch 27",
    "desc": "Drawn by user"
  },
  {
    "filename": "patch-33.png",
    "left": 1536,
    "top": 1704,
    "width": 346,
    "height": 294,
    "label": "How to Solve Your Own Murder by Kristen Perrin",
    "desc": "Sometimes it's better not to know your own fortune"
  },
  {
    "filename": "patch-34.png",
    "left": 1893,
    "top": 1602,
    "width": 345,
    "height": 372,
    "label": "Hunger Games",
    "desc": "reread!"
  },
  {
    "filename": "patch-35.png",
    "left": 2238,
    "top": 1373,
    "width": 245,
    "height": 261,
    "label": "James by Percival Everett",
    "desc": "Retelling of Adventure of Huckleberry Finn from Jim's perspective."
  },
  {
    "filename": "patch-36.png",
    "left": 2249,
    "top": 1672,
    "width": 221,
    "height": 280,
    "label": "Until We Reckon: Violence, Mass Incarceration, and a Road to Repair by Danielle Sered",
    "desc": ""
  },
  {
    "filename": "patch-37.png",
    "left": 2551,
    "top": 1481,
    "width": 256,
    "height": 240,
    "label": "I know what you did",
    "desc": ""
  },
  {
    "filename": "patch-38.png",
    "left": 2525,
    "top": 1746,
    "width": 288,
    "height": 261,
    "label": "Make your way home",
    "desc": ""
  },
  {
    "filename": "patch-39.png",
    "left": 267,
    "top": 2036,
    "width": 462,
    "height": 433,
    "label": "Our Last Wild Days by Anna Bailey",
    "desc": "An interesting take on the Louisiana murder investigation novel <a href=\"https://www.theadvocate.com/baton_rouge/entertainment_life/books/review-our-last-wild-days/article_2e5d7f83-0620-4d79-a2b4-7bfaff93c1d3.html\" > full review </a>"
  },
  {
    "filename": "patch-40.png",
    "left": 804,
    "top": 1887,
    "width": 243,
    "height": 211,
    "label": "Julie Chan is Dead",
    "desc": ""
  },
  {
    "filename": "patch-41.png",
    "left": 1178,
    "top": 2080,
    "width": 661,
    "height": 663,
    "label": "Black in Blues by Imani Perry",
    "desc": "History of Black Americans through the color blue. \n\n<a href=\"https://www.theadvocate.com/baton_rouge/entertainment_life/books/black-in-blues-imani-perry/article_107733d4-dd9c-11ef-b7fc-fb9b064187bb.html\"> full review here </a>"
  },
  {
    "filename": "patch-42.png",
    "left": 1825,
    "top": 2010,
    "width": 424,
    "height": 381,
    "label": "Julie Chan is Dead by Liann Zhang",
    "desc": "Book so unhinged I could not review and opted to <a href=\"https://wearerooted.xyz/julie-chan-is-dead-and-the-dark-side-of-influencer-fame-a-q-a-with-author-liann-zhang/\">Q&A the author </a>"
  },
  {
    "filename": "patch-43.png",
    "left": 2553,
    "top": 2023,
    "width": 270,
    "height": 249,
    "label": "Rental House",
    "desc": ""
  },
  {
    "filename": "patch-44.png",
    "left": 2901,
    "top": 1691,
    "width": 449,
    "height": 415,
    "label": "Good Dirt by Jeff Chu",
    "desc": "Still think about this daily. A journalist moves to Princeton to work on their farm seminary."
  },
  {
    "filename": "patch-45.png",
    "left": 804,
    "top": 2149,
    "width": 277,
    "height": 245,
    "label": "My Friends ",
    "desc": "Drawn by user"
  },
  {
    "filename": "patch-46.png",
    "left": 290,
    "top": 2494,
    "width": 433,
    "height": 446,
    "label": "Goddess Complex by Sanjena Sathian",
    "desc": "Doppelgangers!"
  },
  {
    "filename": "patch-47.png",
    "left": 824,
    "top": 2445,
    "width": 253,
    "height": 234,
    "label": "The Family Recipe",
    "desc": ""
  },
  {
    "filename": "patch-48.png",
    "left": 2327,
    "top": 2471,
    "width": 108,
    "height": 118,
    "label": "Katabasis by R.F. Kuang",
    "desc": "Worth the 500 pages. \n\n<a href=\"https://wearerooted.xyz/julie-chan-is-dead-and-the-dark-side-of-influencer-fame-a-q-a-with-author-liann-zhang/\"> Full review here </a>"
  },
  {
    "filename": "patch-49.png",
    "left": 2570,
    "top": 2278,
    "width": 256,
    "height": 231,
    "label": "The Alchemist",
    "desc": ""
  },
  {
    "filename": "patch-50.png",
    "left": 2904,
    "top": 2121,
    "width": 476,
    "height": 383,
    "label": "I Hope This Finds You Well by Natalie Sue",
    "desc": "Unhinged office behavior"
  },
  {
    "filename": "patch-51.png",
    "left": 827,
    "top": 2724,
    "width": 248,
    "height": 280,
    "label": "Demon Copperhead",
    "desc": ""
  },
  {
    "filename": "patch-52.png",
    "left": 2599,
    "top": 2535,
    "width": 234,
    "height": 222,
    "label": "Patch 84",
    "desc": "Drawn by user"
  },
  {
    "filename": "patch-53.png",
    "left": 1196,
    "top": 2814,
    "width": 328,
    "height": 347,
    "label": "Rental House by Weike Wang",
    "desc": ""
  },
  {
    "filename": "patch-54.png",
    "left": 1518,
    "top": 2768,
    "width": 355,
    "height": 347,
    "label": "Authority by Andrea Long Chu",
    "desc": "Changed my thoughts on the role of negative reviews in society. "
  },
  {
    "filename": "patch-55.png",
    "left": 1866,
    "top": 2421,
    "width": 420,
    "height": 393,
    "label": "When the World Tips Over by Jandy Nelson",
    "desc": ""
  },
  {
    "filename": "patch-56.png",
    "left": 2929,
    "top": 2524,
    "width": 455,
    "height": 409,
    "label": "all about love by bell hooks",
    "desc": "Apparently this was published the year I was born, but contains so much wisdom that feels completely contemporary."
  },
  {
    "filename": "patch-57.png",
    "left": 279,
    "top": 2959,
    "width": 388,
    "height": 437,
    "label": "The Poppy Fields by Nikki Erlick",
    "desc": "Grieving people sleep their sorrows away in this novel inspired by the Wizard of Oz. "
  },
  {
    "filename": "patch-58.png",
    "left": 799,
    "top": 3054,
    "width": 255,
    "height": 245,
    "label": "Sipsworth",
    "desc": ""
  },
  {
    "filename": "patch-59.png",
    "left": 1188,
    "top": 3181,
    "width": 336,
    "height": 345,
    "label": "Jesus and John Wayne by Kristin Kristin Kobes Du Mez",
    "desc": "Vital reading for understanding the white Evangelical movement and current day politics"
  },
  {
    "filename": "patch-60.png",
    "left": 1539,
    "top": 3121,
    "width": 362,
    "height": 336,
    "label": "Work in Progress by Kat Mackenzie",
    "desc": "Roadtrip through the UK"
  },
  {
    "filename": "patch-61.png",
    "left": 1886,
    "top": 2839,
    "width": 426,
    "height": 405,
    "label": "The Family Recipe by Carolyn Huynh",
    "desc": "Rare sophomore novel that's better than the debut\n\n<a href=\"https://www.theadvocate.com/baton_rouge/entertainment_life/books/the-family-recipe-new-orleans/article_98ff5cc0-141a-40ad-bee5-c149097f76c9.html\">Q&A the author </a>"
  },
  {
    "filename": "patch-62.png",
    "left": 2617,
    "top": 2795,
    "width": 237,
    "height": 209,
    "label": "Patch 83",
    "desc": "Drawn by user"
  },
  {
    "filename": "patch-63.png",
    "left": 2951,
    "top": 2942,
    "width": 471,
    "height": 375,
    "label": "Here in the Dark: A Novel by Alexis Soloski",
    "desc": "Got me thinking about criticism with a side of missing person's case"
  },
  {
    "filename": "patch-64.png",
    "left": 241,
    "top": 3424,
    "width": 441,
    "height": 453,
    "label": "Divergent series",
    "desc": "Reread the entire series after the Hunger Games"
  },
  {
    "filename": "patch-65.png",
    "left": 787,
    "top": 3328,
    "width": 264,
    "height": 282,
    "label": "Butter",
    "desc": ""
  },
  {
    "filename": "patch-66.png",
    "left": 787,
    "top": 3637,
    "width": 243,
    "height": 256,
    "label": "The Volcano Daughters",
    "desc": ""
  },
  {
    "filename": "patch-67.png",
    "left": 1216,
    "top": 3571,
    "width": 312,
    "height": 302,
    "label": "Homeseeking by Karissa Chen",
    "desc": "Best book I've read this year!\n\n<a href=\"https://wearerooted.xyz/homeseeking-karissa-chen/\">Full review here</a>"
  },
  {
    "filename": "patch-68.png",
    "left": 1551,
    "top": 3500,
    "width": 384,
    "height": 355,
    "label": "The Three Lives of Cate Kay by Kate Fagan",
    "desc": "A refreshing love story!\n\n<a href=\"https://www.theadvocate.com/baton_rouge/entertainment_life/books/three-lives-cate-kay/article_858b19d0-d836-11ef-8f70-436d862dd021.html\">Full review here</a>"
  },
  {
    "filename": "patch-69.png",
    "left": 1899,
    "top": 3259,
    "width": 665,
    "height": 592,
    "label": "The Girls I've Been by Tess Sharpe",
    "desc": "Con-artist story"
  },
  {
    "filename": "patch-70.png",
    "left": 2622,
    "top": 3029,
    "width": 256,
    "height": 256,
    "label": "The Goddess Complex",
    "desc": ""
  },
  {
    "filename": "patch-71.png",
    "left": 2627,
    "top": 3306,
    "width": 252,
    "height": 235,
    "label": "Our Last Wild Days",
    "desc": ""
  },
  {
    "filename": "patch-72.png",
    "left": 2645,
    "top": 3563,
    "width": 266,
    "height": 241,
    "label": "Everything is Tuberculosis",
    "desc": ""
  },
  {
    "filename": "patch-73.png",
    "left": 2981,
    "top": 3356,
    "width": 483,
    "height": 444,
    "label": "Make Your Way Home: Stories by Carrie R. Moore",
    "desc": ""
  },
  {
    "filename": "patch-74.png",
    "left": 212,
    "top": 3921,
    "width": 397,
    "height": 408,
    "label": "Work Won't Love You Back by Sarah",
    "desc": "Helped me decide to leave my 9-5. "
  },
  {
    "filename": "patch-75.png",
    "left": 728,
    "top": 3922,
    "width": 248,
    "height": 253,
    "label": "Satisfaction Cafe",
    "desc": ""
  },
  {
    "filename": "patch-76.png",
    "left": 1007,
    "top": 3938,
    "width": 243,
    "height": 240,
    "label": "Nightcrawling",
    "desc": ""
  },
  {
    "filename": "patch-77.png",
    "left": 1278,
    "top": 3905,
    "width": 238,
    "height": 249,
    "label": "One of our kind",
    "desc": ""
  },
  {
    "filename": "patch-78.png",
    "left": 1544,
    "top": 3886,
    "width": 247,
    "height": 254,
    "label": "The Poppy Fields",
    "desc": ""
  },
  {
    "filename": "patch-79.png",
    "left": 1804,
    "top": 3874,
    "width": 239,
    "height": 238,
    "label": "all about love",
    "desc": ""
  },
  {
    "filename": "patch-80.png",
    "left": 2050,
    "top": 3868,
    "width": 278,
    "height": 251,
    "label": "Home of the Happy",
    "desc": ""
  },
  {
    "filename": "patch-81.png",
    "left": 2343,
    "top": 3863,
    "width": 262,
    "height": 274,
    "label": "The Bright Years",
    "desc": ""
  },
  {
    "filename": "patch-82.png",
    "left": 2621,
    "top": 3864,
    "width": 334,
    "height": 307,
    "label": "10 Incarnations of the Rebellion",
    "desc": ""
  },
  {
    "filename": "patch-83.png",
    "left": 3023,
    "top": 3822,
    "width": 463,
    "height": 433,
    "label": "Let This Radicalize You: Organizing and the Revolution of Reciprocal Care by Kelly Hayes, Mariame Ka",
    "desc": ""
  },
  {
    "filename": "patch-84.png",
    "left": 136,
    "top": 4379,
    "width": 361,
    "height": 365,
    "label": "Just My Type by Falon Ballard",
    "desc": "Relationship prone journalist needs to stay single to land the job of her dreams. I don't want to talk about the number of journalist romcoms I've read this year"
  },
  {
    "filename": "patch-85.png",
    "left": 616,
    "top": 4325,
    "width": 371,
    "height": 391,
    "label": "Daughters of the New Year by E.M Tran",
    "desc": "New Orleans author!"
  },
  {
    "filename": "patch-86.png",
    "left": 1035,
    "top": 4284,
    "width": 433,
    "height": 420,
    "label": "Sipsworth by Simon Van Booy",
    "desc": "Lonely woman makes a new friend, a mouse"
  },
  {
    "filename": "patch-87.png",
    "left": 1514,
    "top": 4269,
    "width": 413,
    "height": 416,
    "label": "Patch 13",
    "desc": "Not quite as page turning as Black Cake, but still good"
  },
  {
    "filename": "patch-88.png",
    "left": 1916,
    "top": 4230,
    "width": 430,
    "height": 438,
    "label": "Rogues: True Stories of Grifters, Killers, Rebels and Crooks by Patrick Radden Keefe",
    "desc": "Not as edgy as it sounds haha, but a great book"
  },
  {
    "filename": "patch-89.png",
    "left": 2367,
    "top": 4228,
    "width": 396,
    "height": 444,
    "label": "The Satisfaction Café by Kathy Wang",
    "desc": ""
  },
  {
    "filename": "patch-90.png",
    "left": 2786,
    "top": 4271,
    "width": 355,
    "height": 405,
    "label": "Liturgy of the Ordinary: Sacred Practices in Everyday Life by Tish Harrison Warren",
    "desc": "reread!"
  },
  {
    "filename": "patch-91.png",
    "left": 3151,
    "top": 4275,
    "width": 407,
    "height": 424,
    "label": "Culture Creep: Notes on the Pop Apocalypse by Alice Bolin",
    "desc": "Great book of essays about pop culture!"
  }
]